{"cameraMode":{"drawMode":0,"name":"Shaded","section":"Shading Mode"},"sceneLighting":true,"audioPlay":false,"sceneViewState":{"showFog":true,"showMaterialUpdate":false,"showSkybox":true,"showFlares":true,"showImageEffects":true,"showParticleSystems":true},"in2DMode":false,"pivot":{"x":267.41925048828127,"y":15.02931022644043,"z":8.964324951171875},"rotation":{"x":0.27765727043151858,"y":-0.1573282778263092,"z":0.046135976910591128,"w":0.9466181993484497},"size":2.1219096183776857,"orthographic":false}