{"cameraMode":{"drawMode":0,"name":"Shaded","section":"Shading Mode"},"sceneLighting":true,"audioPlay":false,"sceneViewState":{"showFog":true,"showMaterialUpdate":false,"showSkybox":true,"showFlares":true,"showImageEffects":true,"showParticleSystems":true},"in2DMode":false,"pivot":{"x":0.6636460423469544,"y":0.4739217460155487,"z":-2.4488396644592287},"rotation":{"x":0.015881165862083436,"y":-0.9639310240745544,"z":0.25932320952415469,"w":0.05879129096865654},"size":4.0712456703186039,"orthographic":false}