{"cameraMode":{"drawMode":0,"name":"Shaded","section":"Shading Mode"},"sceneLighting":true,"audioPlay":false,"sceneViewState":{"showFog":true,"showMaterialUpdate":false,"showSkybox":true,"showFlares":true,"showImageEffects":true,"showParticleSystems":true},"in2DMode":false,"pivot":{"x":4.639217376708984,"y":4.580636978149414,"z":-3.060835599899292},"rotation":{"x":-0.0029215479735285045,"y":0.9942228198051453,"z":-0.10358212888240814,"w":-0.028043780475854875},"size":2.9660251140594484,"orthographic":false}