{"cameraMode":{"drawMode":0,"name":"Shaded","section":"Shading Mode"},"sceneLighting":true,"audioPlay":false,"sceneViewState":{"showFog":false,"showMaterialUpdate":false,"showSkybox":false,"showFlares":false,"showImageEffects":false,"showParticleSystems":false},"in2DMode":false,"pivot":{"x":-26.259193420410158,"y":-31.70458984375,"z":58.7689323425293},"rotation":{"x":-0.23289237916469575,"y":0.17022183537483216,"z":-0.04143816605210304,"w":-0.9566103219985962},"size":40.85907745361328,"orthographic":false}