{"cameraMode":{"drawMode":0,"name":"Shaded","section":"Shading Mode"},"sceneLighting":true,"audioPlay":false,"sceneViewState":{"showFog":true,"showMaterialUpdate":true,"showSkybox":true,"showFlares":true,"showImageEffects":true,"showParticleSystems":true},"in2DMode":false,"pivot":{"x":-13.803180694580079,"y":-2.856396436691284,"z":65.67906951904297},"rotation":{"x":-0.05259709060192108,"y":0.08438229560852051,"z":-0.004457061178982258,"w":-0.995053231716156},"size":40.85907745361328,"orthographic":false}