{"cameraMode":{"drawMode":0,"name":"Shaded","section":"Shading Mode"},"sceneLighting":true,"audioPlay":false,"sceneViewState":{"showFog":false,"showMaterialUpdate":false,"showSkybox":false,"showFlares":false,"showImageEffects":false,"showParticleSystems":false},"in2DMode":false,"pivot":{"x":-22.7091007232666,"y":-40.52522659301758,"z":55.91924285888672},"rotation":{"x":-0.28660234808921816,"y":0.14783875644207,"z":-0.04481038451194763,"w":-0.9455329179763794},"size":40.85907745361328,"orthographic":false}